--------------------------------------------------------
--  File created - sobota-wrzesieñ-08-2018   
--------------------------------------------------------
DROP TABLE "PIOTR1"."HALA";
DROP TABLE "PIOTR1"."KADRA";
DROP TABLE "PIOTR1"."KARTKI";
DROP TABLE "PIOTR1"."KLUB";
DROP TABLE "PIOTR1"."LIGA";
DROP TABLE "PIOTR1"."MECZ";
DROP TABLE "PIOTR1"."TRENER";
DROP TABLE "PIOTR1"."ZAWIESZENIA";
DROP TABLE "PIOTR1"."ZAWODNIK";
DROP TABLE "PIOTR1"."ZAWODNIK_KADRA";
DROP SYNONYM "PUBLIC"."DUAL";
DROP SEQUENCE "PIOTR1"."HALA_SEQ";
DROP SEQUENCE "PIOTR1"."KADRA_SEQ";
DROP SEQUENCE "PIOTR1"."KARTKI_SEQ";
DROP SEQUENCE "PIOTR1"."KLUB_SEQ";
DROP SEQUENCE "PIOTR1"."LIGA_SEQ";
DROP SEQUENCE "PIOTR1"."MECZ_SEQ";
DROP SEQUENCE "PIOTR1"."TRENER_SEQ";
DROP SEQUENCE "PIOTR1"."ZAWIESZENIA_SEQ";
DROP SEQUENCE "PIOTR1"."ZAWODNIK_SEQ";
DROP SEQUENCE "PIOTR1"."ZESPOL_SEQ";
DROP FUNCTION "PIOTR1"."AVERAGEOFAGE";
DROP FUNCTION "PIOTR1"."AVERAGEOFFREQUENCY";
DROP FUNCTION "PIOTR1"."AVERAGEOFHEIGHT";
DROP FUNCTION "PIOTR1"."COUNTNUMBEROFMATCHESINLEAGUE";
DROP FUNCTION "PIOTR1"."PLAYER_COMBOBOX";
DROP FUNCTION "PIOTR1"."SUMOFSCOREDPOINTSBYPLAYERS";
DROP PROCEDURE "PIOTR1"."ADDSUSPENSION";
DROP PROCEDURE "PIOTR1"."CORRECTFREQUENCY";
--------------------------------------------------------
--  DDL for Sequence HALA_SEQ
--------------------------------------------------------

   CREATE SEQUENCE  "PIOTR1"."HALA_SEQ"  MINVALUE 1 MAXVALUE 9999999999999999999999999999 INCREMENT BY 1 START WITH 181 CACHE 20 NOORDER  NOCYCLE  NOPARTITION ;
--------------------------------------------------------
--  DDL for Sequence KADRA_SEQ
--------------------------------------------------------

   CREATE SEQUENCE  "PIOTR1"."KADRA_SEQ"  MINVALUE 1 MAXVALUE 9999999999999999999999999999 INCREMENT BY 1 START WITH 121 CACHE 20 NOORDER  NOCYCLE  NOPARTITION ;
--------------------------------------------------------
--  DDL for Sequence KARTKI_SEQ
--------------------------------------------------------

   CREATE SEQUENCE  "PIOTR1"."KARTKI_SEQ"  MINVALUE 1 MAXVALUE 9999999999999999999999999999 INCREMENT BY 1 START WITH 61 CACHE 20 NOORDER  NOCYCLE  NOPARTITION ;
--------------------------------------------------------
--  DDL for Sequence KLUB_SEQ
--------------------------------------------------------

   CREATE SEQUENCE  "PIOTR1"."KLUB_SEQ"  MINVALUE 1 MAXVALUE 9999999999999999999999999999 INCREMENT BY 1 START WITH 81 CACHE 20 NOORDER  NOCYCLE  NOPARTITION ;
--------------------------------------------------------
--  DDL for Sequence LIGA_SEQ
--------------------------------------------------------

   CREATE SEQUENCE  "PIOTR1"."LIGA_SEQ"  MINVALUE 1 MAXVALUE 9999999999999999999999999999 INCREMENT BY 1 START WITH 141 CACHE 20 NOORDER  NOCYCLE  NOPARTITION ;
--------------------------------------------------------
--  DDL for Sequence MECZ_SEQ
--------------------------------------------------------

   CREATE SEQUENCE  "PIOTR1"."MECZ_SEQ"  MINVALUE 1 MAXVALUE 9999999999999999999999999999 INCREMENT BY 1 START WITH 101 CACHE 20 NOORDER  NOCYCLE  NOPARTITION ;
--------------------------------------------------------
--  DDL for Sequence TRENER_SEQ
--------------------------------------------------------

   CREATE SEQUENCE  "PIOTR1"."TRENER_SEQ"  MINVALUE 1 MAXVALUE 9999999999999999999999999999 INCREMENT BY 1 START WITH 121 CACHE 20 NOORDER  NOCYCLE  NOPARTITION ;
--------------------------------------------------------
--  DDL for Sequence ZAWIESZENIA_SEQ
--------------------------------------------------------

   CREATE SEQUENCE  "PIOTR1"."ZAWIESZENIA_SEQ"  MINVALUE 1 MAXVALUE 9999999999999999999999999999 INCREMENT BY 1 START WITH 41 CACHE 20 NOORDER  NOCYCLE  NOPARTITION ;
--------------------------------------------------------
--  DDL for Sequence ZAWODNIK_SEQ
--------------------------------------------------------

   CREATE SEQUENCE  "PIOTR1"."ZAWODNIK_SEQ"  MINVALUE 1 MAXVALUE 9999999999999999999999999999 INCREMENT BY 1 START WITH 101 CACHE 20 NOORDER  NOCYCLE  NOPARTITION ;
--------------------------------------------------------
--  DDL for Sequence ZESPOL_SEQ
--------------------------------------------------------

   CREATE SEQUENCE  "PIOTR1"."ZESPOL_SEQ"  MINVALUE 1 MAXVALUE 99999999999999999999999 INCREMENT BY 1 START WITH 1 CACHE 20 NOORDER  NOCYCLE  NOPARTITION ;
--------------------------------------------------------
--  DDL for Table HALA
--------------------------------------------------------

  CREATE TABLE "PIOTR1"."HALA" 
   (	"HALA_ID" NUMBER(10,0), 
	"NAZWA_HALI" VARCHAR2(255 BYTE), 
	"POJEMNOSC" NUMBER(10,0), 
	"MIASTO" VARCHAR2(255 BYTE), 
	"KOD_POCZTOWY" NUMBER(10,0), 
	"ULICA" VARCHAR2(255 BYTE)
   ) SEGMENT CREATION IMMEDIATE 
  PCTFREE 10 PCTUSED 40 INITRANS 1 MAXTRANS 255 
 NOCOMPRESS LOGGING
  STORAGE(INITIAL 65536 NEXT 1048576 MINEXTENTS 1 MAXEXTENTS 2147483645
  PCTINCREASE 0 FREELISTS 1 FREELIST GROUPS 1
  BUFFER_POOL DEFAULT FLASH_CACHE DEFAULT CELL_FLASH_CACHE DEFAULT)
  TABLESPACE "USERS" ;
--------------------------------------------------------
--  DDL for Table KADRA
--------------------------------------------------------

  CREATE TABLE "PIOTR1"."KADRA" 
   (	"KADRA_ID" NUMBER(10,0), 
	"MECZ_ID" NUMBER(20,0), 
	"KLUB_ID" NUMBER(20,0)
   ) SEGMENT CREATION IMMEDIATE 
  PCTFREE 10 PCTUSED 40 INITRANS 1 MAXTRANS 255 
 NOCOMPRESS LOGGING
  STORAGE(INITIAL 65536 NEXT 1048576 MINEXTENTS 1 MAXEXTENTS 2147483645
  PCTINCREASE 0 FREELISTS 1 FREELIST GROUPS 1
  BUFFER_POOL DEFAULT FLASH_CACHE DEFAULT CELL_FLASH_CACHE DEFAULT)
  TABLESPACE "USERS" ;
--------------------------------------------------------
--  DDL for Table KARTKI
--------------------------------------------------------

  CREATE TABLE "PIOTR1"."KARTKI" 
   (	"KARTKA_ID" NUMBER(20,0), 
	"KOLOR_KARTKI" VARCHAR2(255 BYTE), 
	"ZAWODNIK_ID" NUMBER(20,0)
   ) SEGMENT CREATION IMMEDIATE 
  PCTFREE 10 PCTUSED 40 INITRANS 1 MAXTRANS 255 
 NOCOMPRESS LOGGING
  STORAGE(INITIAL 65536 NEXT 1048576 MINEXTENTS 1 MAXEXTENTS 2147483645
  PCTINCREASE 0 FREELISTS 1 FREELIST GROUPS 1
  BUFFER_POOL DEFAULT FLASH_CACHE DEFAULT CELL_FLASH_CACHE DEFAULT)
  TABLESPACE "USERS" ;
--------------------------------------------------------
--  DDL for Table KLUB
--------------------------------------------------------

  CREATE TABLE "PIOTR1"."KLUB" 
   (	"KLUB_ID" NUMBER(10,0), 
	"HALA_ID" NUMBER(10,0), 
	"KRAJ" VARCHAR2(255 BYTE), 
	"LIGA_ID" NUMBER(10,0), 
	"TRENER_ID" NUMBER(10,0), 
	"NAZWA_KLUBU" VARCHAR2(255 BYTE)
   ) SEGMENT CREATION IMMEDIATE 
  PCTFREE 10 PCTUSED 40 INITRANS 1 MAXTRANS 255 
 NOCOMPRESS LOGGING
  STORAGE(INITIAL 65536 NEXT 1048576 MINEXTENTS 1 MAXEXTENTS 2147483645
  PCTINCREASE 0 FREELISTS 1 FREELIST GROUPS 1
  BUFFER_POOL DEFAULT FLASH_CACHE DEFAULT CELL_FLASH_CACHE DEFAULT)
  TABLESPACE "USERS" ;
--------------------------------------------------------
--  DDL for Table LIGA
--------------------------------------------------------

  CREATE TABLE "PIOTR1"."LIGA" 
   (	"LIGA_ID" NUMBER(10,0), 
	"NAZWA_LIGI" VARCHAR2(255 BYTE), 
	"POZIOM_LIGI" VARCHAR2(255 BYTE), 
	"ILOSC_ZESPOLOW" NUMBER(10,0), 
	"ILOSC_MECZY" NUMBER(10,0), 
	"ROK" NUMBER(10,0)
   ) SEGMENT CREATION IMMEDIATE 
  PCTFREE 10 PCTUSED 40 INITRANS 1 MAXTRANS 255 
 NOCOMPRESS LOGGING
  STORAGE(INITIAL 65536 NEXT 1048576 MINEXTENTS 1 MAXEXTENTS 2147483645
  PCTINCREASE 0 FREELISTS 1 FREELIST GROUPS 1
  BUFFER_POOL DEFAULT FLASH_CACHE DEFAULT CELL_FLASH_CACHE DEFAULT)
  TABLESPACE "USERS" ;
--------------------------------------------------------
--  DDL for Table MECZ
--------------------------------------------------------

  CREATE TABLE "PIOTR1"."MECZ" 
   (	"MECZ_ID" NUMBER(10,0), 
	"GOSC_KADRA" NUMBER(10,0), 
	"GOSPODARZ_KADRA" NUMBER(10,0), 
	"FREKWENCJA" NUMBER(10,0), 
	"KOLEJKA" NUMBER(10,0)
   ) SEGMENT CREATION IMMEDIATE 
  PCTFREE 10 PCTUSED 40 INITRANS 1 MAXTRANS 255 
 NOCOMPRESS LOGGING
  STORAGE(INITIAL 65536 NEXT 1048576 MINEXTENTS 1 MAXEXTENTS 2147483645
  PCTINCREASE 0 FREELISTS 1 FREELIST GROUPS 1
  BUFFER_POOL DEFAULT FLASH_CACHE DEFAULT CELL_FLASH_CACHE DEFAULT)
  TABLESPACE "USERS" ;
--------------------------------------------------------
--  DDL for Table TRENER
--------------------------------------------------------

  CREATE TABLE "PIOTR1"."TRENER" 
   (	"TRENER_ID" NUMBER(10,0), 
	"IMIE" VARCHAR2(255 BYTE), 
	"NAZWISKO" VARCHAR2(255 BYTE), 
	"DATA_URODZENIA" DATE DEFAULT NULL, 
	"NARODOWOSC" VARCHAR2(255 BYTE)
   ) SEGMENT CREATION IMMEDIATE 
  PCTFREE 10 PCTUSED 40 INITRANS 1 MAXTRANS 255 
 NOCOMPRESS LOGGING
  STORAGE(INITIAL 65536 NEXT 1048576 MINEXTENTS 1 MAXEXTENTS 2147483645
  PCTINCREASE 0 FREELISTS 1 FREELIST GROUPS 1
  BUFFER_POOL DEFAULT FLASH_CACHE DEFAULT CELL_FLASH_CACHE DEFAULT)
  TABLESPACE "USERS" ;
--------------------------------------------------------
--  DDL for Table ZAWIESZENIA
--------------------------------------------------------

  CREATE TABLE "PIOTR1"."ZAWIESZENIA" 
   (	"ZAWIESZENIE_ID" NUMBER(10,0), 
	"DATA_ROZPOCZECIA" DATE, 
	"DATA_ZAKONCZENIA" DATE, 
	"ZAWODNIK_ID" NUMBER(20,0)
   ) SEGMENT CREATION IMMEDIATE 
  PCTFREE 10 PCTUSED 40 INITRANS 1 MAXTRANS 255 
 NOCOMPRESS LOGGING
  STORAGE(INITIAL 65536 NEXT 1048576 MINEXTENTS 1 MAXEXTENTS 2147483645
  PCTINCREASE 0 FREELISTS 1 FREELIST GROUPS 1
  BUFFER_POOL DEFAULT FLASH_CACHE DEFAULT CELL_FLASH_CACHE DEFAULT)
  TABLESPACE "USERS" ;
--------------------------------------------------------
--  DDL for Table ZAWODNIK
--------------------------------------------------------

  CREATE TABLE "PIOTR1"."ZAWODNIK" 
   (	"ZAWODNIK_ID" NUMBER(10,0), 
	"KLUB_ID" NUMBER(10,0), 
	"IMIE" VARCHAR2(255 BYTE), 
	"NAZWISKO" VARCHAR2(255 BYTE), 
	"WIEK" NUMBER(10,0), 
	"WZROST" NUMBER(10,0), 
	"PKT_ZDOBYTE" NUMBER(10,0)
   ) SEGMENT CREATION IMMEDIATE 
  PCTFREE 10 PCTUSED 40 INITRANS 1 MAXTRANS 255 
 NOCOMPRESS LOGGING
  STORAGE(INITIAL 65536 NEXT 1048576 MINEXTENTS 1 MAXEXTENTS 2147483645
  PCTINCREASE 0 FREELISTS 1 FREELIST GROUPS 1
  BUFFER_POOL DEFAULT FLASH_CACHE DEFAULT CELL_FLASH_CACHE DEFAULT)
  TABLESPACE "USERS" ;
--------------------------------------------------------
--  DDL for Table ZAWODNIK_KADRA
--------------------------------------------------------

  CREATE TABLE "PIOTR1"."ZAWODNIK_KADRA" 
   (	"KADRA_ID" NUMBER(20,0), 
	"ZAWODNIK_ID" NUMBER(20,0)
   ) SEGMENT CREATION IMMEDIATE 
  PCTFREE 10 PCTUSED 40 INITRANS 1 MAXTRANS 255 
 NOCOMPRESS LOGGING
  STORAGE(INITIAL 65536 NEXT 1048576 MINEXTENTS 1 MAXEXTENTS 2147483645
  PCTINCREASE 0 FREELISTS 1 FREELIST GROUPS 1
  BUFFER_POOL DEFAULT FLASH_CACHE DEFAULT CELL_FLASH_CACHE DEFAULT)
  TABLESPACE "USERS" ;
REM INSERTING into PIOTR1.HALA
SET DEFINE OFF;
Insert into PIOTR1.HALA (HALA_ID,NAZWA_HALI,POJEMNOSC,MIASTO,KOD_POCZTOWY,ULICA) values ('103','Tauron Arena','12000','Kraków','31571','Lema');
Insert into PIOTR1.HALA (HALA_ID,NAZWA_HALI,POJEMNOSC,MIASTO,KOD_POCZTOWY,ULICA) values ('121','Spodek','11500','Katowice','40005','Korfantego');
REM INSERTING into PIOTR1.KADRA
SET DEFINE OFF;
Insert into PIOTR1.KADRA (KADRA_ID,MECZ_ID,KLUB_ID) values ('61','41','41');
Insert into PIOTR1.KADRA (KADRA_ID,MECZ_ID,KLUB_ID) values ('62','83','2');
Insert into PIOTR1.KADRA (KADRA_ID,MECZ_ID,KLUB_ID) values ('83','67','2');
Insert into PIOTR1.KADRA (KADRA_ID,MECZ_ID,KLUB_ID) values ('84','67','22');
Insert into PIOTR1.KADRA (KADRA_ID,MECZ_ID,KLUB_ID) values ('101','81','41');
Insert into PIOTR1.KADRA (KADRA_ID,MECZ_ID,KLUB_ID) values ('102','83','21');
Insert into PIOTR1.KADRA (KADRA_ID,MECZ_ID,KLUB_ID) values ('109','82','41');
Insert into PIOTR1.KADRA (KADRA_ID,MECZ_ID,KLUB_ID) values ('110','82','22');
Insert into PIOTR1.KADRA (KADRA_ID,MECZ_ID,KLUB_ID) values ('48','23','21');
Insert into PIOTR1.KADRA (KADRA_ID,MECZ_ID,KLUB_ID) values ('49','23','22');
REM INSERTING into PIOTR1.KARTKI
SET DEFINE OFF;
Insert into PIOTR1.KARTKI (KARTKA_ID,KOLOR_KARTKI,ZAWODNIK_ID) values ('21','¯ó³ta','41');
Insert into PIOTR1.KARTKI (KARTKA_ID,KOLOR_KARTKI,ZAWODNIK_ID) values ('22','¯ó³ta','23');
Insert into PIOTR1.KARTKI (KARTKA_ID,KOLOR_KARTKI,ZAWODNIK_ID) values ('23','¯ó³ta','41');
Insert into PIOTR1.KARTKI (KARTKA_ID,KOLOR_KARTKI,ZAWODNIK_ID) values ('42','¯ó³ta','23');
REM INSERTING into PIOTR1.KLUB
SET DEFINE OFF;
Insert into PIOTR1.KLUB (KLUB_ID,HALA_ID,KRAJ,LIGA_ID,TRENER_ID,NAZWA_KLUBU) values ('41','103','Polska','41','42','GKS Katowice');
Insert into PIOTR1.KLUB (KLUB_ID,HALA_ID,KRAJ,LIGA_ID,TRENER_ID,NAZWA_KLUBU) values ('2','103','Polska','41','42','VIVE Targi');
Insert into PIOTR1.KLUB (KLUB_ID,HALA_ID,KRAJ,LIGA_ID,TRENER_ID,NAZWA_KLUBU) values ('21','121','Polska','41','61','Puszcza Niepo³omice');
Insert into PIOTR1.KLUB (KLUB_ID,HALA_ID,KRAJ,LIGA_ID,TRENER_ID,NAZWA_KLUBU) values ('22','121','Polska','41','62','Stal Mielec');
REM INSERTING into PIOTR1.LIGA
SET DEFINE OFF;
Insert into PIOTR1.LIGA (LIGA_ID,NAZWA_LIGI,POZIOM_LIGI,ILOSC_ZESPOLOW,ILOSC_MECZY,ROK) values ('41','Plus liga','Krajowa','6','10','2018');
Insert into PIOTR1.LIGA (LIGA_ID,NAZWA_LIGI,POZIOM_LIGI,ILOSC_ZESPOLOW,ILOSC_MECZY,ROK) values ('61','Ekstraklasa','Krajowa','4','6','2018');
REM INSERTING into PIOTR1.MECZ
SET DEFINE OFF;
Insert into PIOTR1.MECZ (MECZ_ID,GOSC_KADRA,GOSPODARZ_KADRA,FREKWENCJA,KOLEJKA) values ('23','48','49','11000','10');
Insert into PIOTR1.MECZ (MECZ_ID,GOSC_KADRA,GOSPODARZ_KADRA,FREKWENCJA,KOLEJKA) values ('67','84','83','12000','5');
Insert into PIOTR1.MECZ (MECZ_ID,GOSC_KADRA,GOSPODARZ_KADRA,FREKWENCJA,KOLEJKA) values ('41','61','62','9326','9');
Insert into PIOTR1.MECZ (MECZ_ID,GOSC_KADRA,GOSPODARZ_KADRA,FREKWENCJA,KOLEJKA) values ('81','102','101','12000','8');
Insert into PIOTR1.MECZ (MECZ_ID,GOSC_KADRA,GOSPODARZ_KADRA,FREKWENCJA,KOLEJKA) values ('82','110','109','8888','7');
Insert into PIOTR1.MECZ (MECZ_ID,GOSC_KADRA,GOSPODARZ_KADRA,FREKWENCJA,KOLEJKA) values ('83','102','62','6566','9');
REM INSERTING into PIOTR1.TRENER
SET DEFINE OFF;
Insert into PIOTR1.TRENER (TRENER_ID,IMIE,NAZWISKO,DATA_URODZENIA,NARODOWOSC) values ('42','Zbigniew','Niedomaga',to_date('96/08/26','RR/MM/DD'),'Polska');
Insert into PIOTR1.TRENER (TRENER_ID,IMIE,NAZWISKO,DATA_URODZENIA,NARODOWOSC) values ('61','Grzegorz','Szczurek',to_date('97/01/02','RR/MM/DD'),'Polska');
Insert into PIOTR1.TRENER (TRENER_ID,IMIE,NAZWISKO,DATA_URODZENIA,NARODOWOSC) values ('62','Marcin','Jer',to_date('97/08/18','RR/MM/DD'),'Polska');
REM INSERTING into PIOTR1.ZAWIESZENIA
SET DEFINE OFF;
Insert into PIOTR1.ZAWIESZENIA (ZAWIESZENIE_ID,DATA_ROZPOCZECIA,DATA_ZAKONCZENIA,ZAWODNIK_ID) values ('21',to_date('18/09/08','RR/MM/DD'),to_date('18/09/22','RR/MM/DD'),'68');
REM INSERTING into PIOTR1.ZAWODNIK
SET DEFINE OFF;
Insert into PIOTR1.ZAWODNIK (ZAWODNIK_ID,KLUB_ID,IMIE,NAZWISKO,WIEK,WZROST,PKT_ZDOBYTE) values ('68','2','Konrad','Trojan','23','189','70');
Insert into PIOTR1.ZAWODNIK (ZAWODNIK_ID,KLUB_ID,IMIE,NAZWISKO,WIEK,WZROST,PKT_ZDOBYTE) values ('41','41','Patryk','Ogromny','18','170','30');
Insert into PIOTR1.ZAWODNIK (ZAWODNIK_ID,KLUB_ID,IMIE,NAZWISKO,WIEK,WZROST,PKT_ZDOBYTE) values ('42','2','Kamil','Ziêtek','20','178','40');
Insert into PIOTR1.ZAWODNIK (ZAWODNIK_ID,KLUB_ID,IMIE,NAZWISKO,WIEK,WZROST,PKT_ZDOBYTE) values ('23','21','Marcin','Jerry','18','188','12');
Insert into PIOTR1.ZAWODNIK (ZAWODNIK_ID,KLUB_ID,IMIE,NAZWISKO,WIEK,WZROST,PKT_ZDOBYTE) values ('24','22','Jeremiasz','M¹dry','13','178','18');
Insert into PIOTR1.ZAWODNIK (ZAWODNIK_ID,KLUB_ID,IMIE,NAZWISKO,WIEK,WZROST,PKT_ZDOBYTE) values ('25','22','Konrad','Fico³','17','167','13');
Insert into PIOTR1.ZAWODNIK (ZAWODNIK_ID,KLUB_ID,IMIE,NAZWISKO,WIEK,WZROST,PKT_ZDOBYTE) values ('26','21','Krzysztof','Czwartek','14','167','15');
Insert into PIOTR1.ZAWODNIK (ZAWODNIK_ID,KLUB_ID,IMIE,NAZWISKO,WIEK,WZROST,PKT_ZDOBYTE) values ('27','41','£ukasz','Okop','123','145','156');
Insert into PIOTR1.ZAWODNIK (ZAWODNIK_ID,KLUB_ID,IMIE,NAZWISKO,WIEK,WZROST,PKT_ZDOBYTE) values ('43','2','Micha³','Korzeñ','22','180','50');
REM INSERTING into PIOTR1.ZAWODNIK_KADRA
SET DEFINE OFF;
Insert into PIOTR1.ZAWODNIK_KADRA (KADRA_ID,ZAWODNIK_ID) values ('48','23');
Insert into PIOTR1.ZAWODNIK_KADRA (KADRA_ID,ZAWODNIK_ID) values ('48','26');
Insert into PIOTR1.ZAWODNIK_KADRA (KADRA_ID,ZAWODNIK_ID) values ('49','24');
Insert into PIOTR1.ZAWODNIK_KADRA (KADRA_ID,ZAWODNIK_ID) values ('49','25');
Insert into PIOTR1.ZAWODNIK_KADRA (KADRA_ID,ZAWODNIK_ID) values ('61','41');
Insert into PIOTR1.ZAWODNIK_KADRA (KADRA_ID,ZAWODNIK_ID) values ('61','27');
Insert into PIOTR1.ZAWODNIK_KADRA (KADRA_ID,ZAWODNIK_ID) values ('62','42');
Insert into PIOTR1.ZAWODNIK_KADRA (KADRA_ID,ZAWODNIK_ID) values ('62','43');
Insert into PIOTR1.ZAWODNIK_KADRA (KADRA_ID,ZAWODNIK_ID) values ('84','25');
Insert into PIOTR1.ZAWODNIK_KADRA (KADRA_ID,ZAWODNIK_ID) values ('83','43');
Insert into PIOTR1.ZAWODNIK_KADRA (KADRA_ID,ZAWODNIK_ID) values ('101','41');
Insert into PIOTR1.ZAWODNIK_KADRA (KADRA_ID,ZAWODNIK_ID) values ('102','23');
Insert into PIOTR1.ZAWODNIK_KADRA (KADRA_ID,ZAWODNIK_ID) values ('109','41');
Insert into PIOTR1.ZAWODNIK_KADRA (KADRA_ID,ZAWODNIK_ID) values ('110','25');
--------------------------------------------------------
--  DDL for Index KADRA_PK
--------------------------------------------------------

  CREATE UNIQUE INDEX "PIOTR1"."KADRA_PK" ON "PIOTR1"."KADRA" ("KADRA_ID") 
  PCTFREE 10 INITRANS 2 MAXTRANS 255 COMPUTE STATISTICS 
  STORAGE(INITIAL 65536 NEXT 1048576 MINEXTENTS 1 MAXEXTENTS 2147483645
  PCTINCREASE 0 FREELISTS 1 FREELIST GROUPS 1
  BUFFER_POOL DEFAULT FLASH_CACHE DEFAULT CELL_FLASH_CACHE DEFAULT)
  TABLESPACE "USERS" ;
--------------------------------------------------------
--  DDL for Index KARTKI_PK
--------------------------------------------------------

  CREATE UNIQUE INDEX "PIOTR1"."KARTKI_PK" ON "PIOTR1"."KARTKI" ("KARTKA_ID") 
  PCTFREE 10 INITRANS 2 MAXTRANS 255 COMPUTE STATISTICS 
  STORAGE(INITIAL 65536 NEXT 1048576 MINEXTENTS 1 MAXEXTENTS 2147483645
  PCTINCREASE 0 FREELISTS 1 FREELIST GROUPS 1
  BUFFER_POOL DEFAULT FLASH_CACHE DEFAULT CELL_FLASH_CACHE DEFAULT)
  TABLESPACE "USERS" ;
--------------------------------------------------------
--  DDL for Index KLUB_PK
--------------------------------------------------------

  CREATE UNIQUE INDEX "PIOTR1"."KLUB_PK" ON "PIOTR1"."KLUB" ("KLUB_ID") 
  PCTFREE 10 INITRANS 2 MAXTRANS 255 COMPUTE STATISTICS 
  STORAGE(INITIAL 65536 NEXT 1048576 MINEXTENTS 1 MAXEXTENTS 2147483645
  PCTINCREASE 0 FREELISTS 1 FREELIST GROUPS 1
  BUFFER_POOL DEFAULT FLASH_CACHE DEFAULT CELL_FLASH_CACHE DEFAULT)
  TABLESPACE "USERS" ;
--------------------------------------------------------
--  DDL for Index MECZ_PK
--------------------------------------------------------

  CREATE UNIQUE INDEX "PIOTR1"."MECZ_PK" ON "PIOTR1"."MECZ" ("MECZ_ID") 
  PCTFREE 10 INITRANS 2 MAXTRANS 255 COMPUTE STATISTICS 
  STORAGE(INITIAL 65536 NEXT 1048576 MINEXTENTS 1 MAXEXTENTS 2147483645
  PCTINCREASE 0 FREELISTS 1 FREELIST GROUPS 1
  BUFFER_POOL DEFAULT FLASH_CACHE DEFAULT CELL_FLASH_CACHE DEFAULT)
  TABLESPACE "USERS" ;
--------------------------------------------------------
--  DDL for Index SYS_C0010007
--------------------------------------------------------

  CREATE UNIQUE INDEX "PIOTR1"."SYS_C0010007" ON "PIOTR1"."LIGA" ("LIGA_ID") 
  PCTFREE 10 INITRANS 2 MAXTRANS 255 COMPUTE STATISTICS 
  STORAGE(INITIAL 65536 NEXT 1048576 MINEXTENTS 1 MAXEXTENTS 2147483645
  PCTINCREASE 0 FREELISTS 1 FREELIST GROUPS 1
  BUFFER_POOL DEFAULT FLASH_CACHE DEFAULT CELL_FLASH_CACHE DEFAULT)
  TABLESPACE "USERS" ;
--------------------------------------------------------
--  DDL for Index SYS_C0010035
--------------------------------------------------------

  CREATE UNIQUE INDEX "PIOTR1"."SYS_C0010035" ON "PIOTR1"."HALA" ("HALA_ID") 
  PCTFREE 10 INITRANS 2 MAXTRANS 255 COMPUTE STATISTICS 
  STORAGE(INITIAL 65536 NEXT 1048576 MINEXTENTS 1 MAXEXTENTS 2147483645
  PCTINCREASE 0 FREELISTS 1 FREELIST GROUPS 1
  BUFFER_POOL DEFAULT FLASH_CACHE DEFAULT CELL_FLASH_CACHE DEFAULT)
  TABLESPACE "USERS" ;
--------------------------------------------------------
--  DDL for Index SYS_C0010057
--------------------------------------------------------

  CREATE UNIQUE INDEX "PIOTR1"."SYS_C0010057" ON "PIOTR1"."TRENER" ("TRENER_ID") 
  PCTFREE 10 INITRANS 2 MAXTRANS 255 COMPUTE STATISTICS 
  STORAGE(INITIAL 65536 NEXT 1048576 MINEXTENTS 1 MAXEXTENTS 2147483645
  PCTINCREASE 0 FREELISTS 1 FREELIST GROUPS 1
  BUFFER_POOL DEFAULT FLASH_CACHE DEFAULT CELL_FLASH_CACHE DEFAULT)
  TABLESPACE "USERS" ;
--------------------------------------------------------
--  DDL for Index SYS_C0010149
--------------------------------------------------------

  CREATE UNIQUE INDEX "PIOTR1"."SYS_C0010149" ON "PIOTR1"."ZAWIESZENIA" ("ZAWIESZENIE_ID") 
  PCTFREE 10 INITRANS 2 MAXTRANS 255 COMPUTE STATISTICS 
  STORAGE(INITIAL 65536 NEXT 1048576 MINEXTENTS 1 MAXEXTENTS 2147483645
  PCTINCREASE 0 FREELISTS 1 FREELIST GROUPS 1
  BUFFER_POOL DEFAULT FLASH_CACHE DEFAULT CELL_FLASH_CACHE DEFAULT)
  TABLESPACE "USERS" ;
--------------------------------------------------------
--  DDL for Index ZAWODNIK_PK
--------------------------------------------------------

  CREATE UNIQUE INDEX "PIOTR1"."ZAWODNIK_PK" ON "PIOTR1"."ZAWODNIK" ("ZAWODNIK_ID") 
  PCTFREE 10 INITRANS 2 MAXTRANS 255 COMPUTE STATISTICS 
  STORAGE(INITIAL 65536 NEXT 1048576 MINEXTENTS 1 MAXEXTENTS 2147483645
  PCTINCREASE 0 FREELISTS 1 FREELIST GROUPS 1
  BUFFER_POOL DEFAULT FLASH_CACHE DEFAULT CELL_FLASH_CACHE DEFAULT)
  TABLESPACE "USERS" ;
--------------------------------------------------------
--  Constraints for Table HALA
--------------------------------------------------------

  ALTER TABLE "PIOTR1"."HALA" ADD PRIMARY KEY ("HALA_ID")
  USING INDEX PCTFREE 10 INITRANS 2 MAXTRANS 255 COMPUTE STATISTICS 
  STORAGE(INITIAL 65536 NEXT 1048576 MINEXTENTS 1 MAXEXTENTS 2147483645
  PCTINCREASE 0 FREELISTS 1 FREELIST GROUPS 1
  BUFFER_POOL DEFAULT FLASH_CACHE DEFAULT CELL_FLASH_CACHE DEFAULT)
  TABLESPACE "USERS"  ENABLE;
  ALTER TABLE "PIOTR1"."HALA" MODIFY ("ULICA" NOT NULL ENABLE);
  ALTER TABLE "PIOTR1"."HALA" MODIFY ("KOD_POCZTOWY" NOT NULL ENABLE);
  ALTER TABLE "PIOTR1"."HALA" MODIFY ("MIASTO" NOT NULL ENABLE);
  ALTER TABLE "PIOTR1"."HALA" MODIFY ("POJEMNOSC" NOT NULL ENABLE);
  ALTER TABLE "PIOTR1"."HALA" MODIFY ("NAZWA_HALI" NOT NULL ENABLE);
  ALTER TABLE "PIOTR1"."HALA" MODIFY ("HALA_ID" NOT NULL ENABLE);
--------------------------------------------------------
--  Constraints for Table KADRA
--------------------------------------------------------

  ALTER TABLE "PIOTR1"."KADRA" MODIFY ("KLUB_ID" NOT NULL ENABLE);
  ALTER TABLE "PIOTR1"."KADRA" ADD CONSTRAINT "KADRA_PK" PRIMARY KEY ("KADRA_ID")
  USING INDEX PCTFREE 10 INITRANS 2 MAXTRANS 255 COMPUTE STATISTICS 
  STORAGE(INITIAL 65536 NEXT 1048576 MINEXTENTS 1 MAXEXTENTS 2147483645
  PCTINCREASE 0 FREELISTS 1 FREELIST GROUPS 1
  BUFFER_POOL DEFAULT FLASH_CACHE DEFAULT CELL_FLASH_CACHE DEFAULT)
  TABLESPACE "USERS"  ENABLE;
  ALTER TABLE "PIOTR1"."KADRA" MODIFY ("KADRA_ID" NOT NULL ENABLE);
--------------------------------------------------------
--  Constraints for Table KARTKI
--------------------------------------------------------

  ALTER TABLE "PIOTR1"."KARTKI" ADD CONSTRAINT "KARTKI_PK" PRIMARY KEY ("KARTKA_ID")
  USING INDEX PCTFREE 10 INITRANS 2 MAXTRANS 255 COMPUTE STATISTICS 
  STORAGE(INITIAL 65536 NEXT 1048576 MINEXTENTS 1 MAXEXTENTS 2147483645
  PCTINCREASE 0 FREELISTS 1 FREELIST GROUPS 1
  BUFFER_POOL DEFAULT FLASH_CACHE DEFAULT CELL_FLASH_CACHE DEFAULT)
  TABLESPACE "USERS"  ENABLE;
  ALTER TABLE "PIOTR1"."KARTKI" MODIFY ("ZAWODNIK_ID" NOT NULL ENABLE);
  ALTER TABLE "PIOTR1"."KARTKI" MODIFY ("KOLOR_KARTKI" NOT NULL ENABLE);
  ALTER TABLE "PIOTR1"."KARTKI" MODIFY ("KARTKA_ID" NOT NULL ENABLE);
--------------------------------------------------------
--  Constraints for Table KLUB
--------------------------------------------------------

  ALTER TABLE "PIOTR1"."KLUB" ADD CONSTRAINT "KLUB_PK" PRIMARY KEY ("KLUB_ID")
  USING INDEX PCTFREE 10 INITRANS 2 MAXTRANS 255 COMPUTE STATISTICS 
  STORAGE(INITIAL 65536 NEXT 1048576 MINEXTENTS 1 MAXEXTENTS 2147483645
  PCTINCREASE 0 FREELISTS 1 FREELIST GROUPS 1
  BUFFER_POOL DEFAULT FLASH_CACHE DEFAULT CELL_FLASH_CACHE DEFAULT)
  TABLESPACE "USERS"  ENABLE;
  ALTER TABLE "PIOTR1"."KLUB" MODIFY ("NAZWA_KLUBU" NOT NULL ENABLE);
  ALTER TABLE "PIOTR1"."KLUB" MODIFY ("TRENER_ID" NOT NULL ENABLE);
  ALTER TABLE "PIOTR1"."KLUB" MODIFY ("LIGA_ID" NOT NULL ENABLE);
  ALTER TABLE "PIOTR1"."KLUB" MODIFY ("KRAJ" NOT NULL ENABLE);
  ALTER TABLE "PIOTR1"."KLUB" MODIFY ("HALA_ID" NOT NULL ENABLE);
  ALTER TABLE "PIOTR1"."KLUB" MODIFY ("KLUB_ID" NOT NULL ENABLE);
--------------------------------------------------------
--  Constraints for Table LIGA
--------------------------------------------------------

  ALTER TABLE "PIOTR1"."LIGA" ADD PRIMARY KEY ("LIGA_ID")
  USING INDEX PCTFREE 10 INITRANS 2 MAXTRANS 255 COMPUTE STATISTICS 
  STORAGE(INITIAL 65536 NEXT 1048576 MINEXTENTS 1 MAXEXTENTS 2147483645
  PCTINCREASE 0 FREELISTS 1 FREELIST GROUPS 1
  BUFFER_POOL DEFAULT FLASH_CACHE DEFAULT CELL_FLASH_CACHE DEFAULT)
  TABLESPACE "USERS"  ENABLE;
  ALTER TABLE "PIOTR1"."LIGA" MODIFY ("ROK" NOT NULL ENABLE);
  ALTER TABLE "PIOTR1"."LIGA" MODIFY ("ILOSC_MECZY" NOT NULL ENABLE);
  ALTER TABLE "PIOTR1"."LIGA" MODIFY ("ILOSC_ZESPOLOW" NOT NULL ENABLE);
  ALTER TABLE "PIOTR1"."LIGA" MODIFY ("POZIOM_LIGI" NOT NULL ENABLE);
  ALTER TABLE "PIOTR1"."LIGA" MODIFY ("NAZWA_LIGI" NOT NULL ENABLE);
  ALTER TABLE "PIOTR1"."LIGA" MODIFY ("LIGA_ID" NOT NULL ENABLE);
--------------------------------------------------------
--  Constraints for Table MECZ
--------------------------------------------------------

  ALTER TABLE "PIOTR1"."MECZ" ADD CONSTRAINT "MECZ_PK" PRIMARY KEY ("MECZ_ID")
  USING INDEX PCTFREE 10 INITRANS 2 MAXTRANS 255 COMPUTE STATISTICS 
  STORAGE(INITIAL 65536 NEXT 1048576 MINEXTENTS 1 MAXEXTENTS 2147483645
  PCTINCREASE 0 FREELISTS 1 FREELIST GROUPS 1
  BUFFER_POOL DEFAULT FLASH_CACHE DEFAULT CELL_FLASH_CACHE DEFAULT)
  TABLESPACE "USERS"  ENABLE;
  ALTER TABLE "PIOTR1"."MECZ" MODIFY ("KOLEJKA" NOT NULL ENABLE);
  ALTER TABLE "PIOTR1"."MECZ" MODIFY ("FREKWENCJA" NOT NULL ENABLE);
  ALTER TABLE "PIOTR1"."MECZ" MODIFY ("GOSPODARZ_KADRA" NOT NULL ENABLE);
  ALTER TABLE "PIOTR1"."MECZ" MODIFY ("GOSC_KADRA" NOT NULL ENABLE);
  ALTER TABLE "PIOTR1"."MECZ" MODIFY ("MECZ_ID" NOT NULL ENABLE);
--------------------------------------------------------
--  Constraints for Table TRENER
--------------------------------------------------------

  ALTER TABLE "PIOTR1"."TRENER" ADD PRIMARY KEY ("TRENER_ID")
  USING INDEX PCTFREE 10 INITRANS 2 MAXTRANS 255 COMPUTE STATISTICS 
  STORAGE(INITIAL 65536 NEXT 1048576 MINEXTENTS 1 MAXEXTENTS 2147483645
  PCTINCREASE 0 FREELISTS 1 FREELIST GROUPS 1
  BUFFER_POOL DEFAULT FLASH_CACHE DEFAULT CELL_FLASH_CACHE DEFAULT)
  TABLESPACE "USERS"  ENABLE;
  ALTER TABLE "PIOTR1"."TRENER" MODIFY ("NARODOWOSC" NOT NULL ENABLE);
  ALTER TABLE "PIOTR1"."TRENER" MODIFY ("NAZWISKO" NOT NULL ENABLE);
  ALTER TABLE "PIOTR1"."TRENER" MODIFY ("IMIE" NOT NULL ENABLE);
  ALTER TABLE "PIOTR1"."TRENER" MODIFY ("TRENER_ID" NOT NULL ENABLE);
--------------------------------------------------------
--  Constraints for Table ZAWIESZENIA
--------------------------------------------------------

  ALTER TABLE "PIOTR1"."ZAWIESZENIA" MODIFY ("ZAWODNIK_ID" NOT NULL ENABLE);
  ALTER TABLE "PIOTR1"."ZAWIESZENIA" ADD PRIMARY KEY ("ZAWIESZENIE_ID")
  USING INDEX PCTFREE 10 INITRANS 2 MAXTRANS 255 COMPUTE STATISTICS 
  STORAGE(INITIAL 65536 NEXT 1048576 MINEXTENTS 1 MAXEXTENTS 2147483645
  PCTINCREASE 0 FREELISTS 1 FREELIST GROUPS 1
  BUFFER_POOL DEFAULT FLASH_CACHE DEFAULT CELL_FLASH_CACHE DEFAULT)
  TABLESPACE "USERS"  ENABLE;
  ALTER TABLE "PIOTR1"."ZAWIESZENIA" MODIFY ("DATA_ZAKONCZENIA" NOT NULL ENABLE);
  ALTER TABLE "PIOTR1"."ZAWIESZENIA" MODIFY ("DATA_ROZPOCZECIA" NOT NULL ENABLE);
  ALTER TABLE "PIOTR1"."ZAWIESZENIA" MODIFY ("ZAWIESZENIE_ID" NOT NULL ENABLE);
--------------------------------------------------------
--  Constraints for Table ZAWODNIK
--------------------------------------------------------

  ALTER TABLE "PIOTR1"."ZAWODNIK" ADD CONSTRAINT "ZAWODNIK_PK" PRIMARY KEY ("ZAWODNIK_ID")
  USING INDEX PCTFREE 10 INITRANS 2 MAXTRANS 255 COMPUTE STATISTICS 
  STORAGE(INITIAL 65536 NEXT 1048576 MINEXTENTS 1 MAXEXTENTS 2147483645
  PCTINCREASE 0 FREELISTS 1 FREELIST GROUPS 1
  BUFFER_POOL DEFAULT FLASH_CACHE DEFAULT CELL_FLASH_CACHE DEFAULT)
  TABLESPACE "USERS"  ENABLE;
  ALTER TABLE "PIOTR1"."ZAWODNIK" MODIFY ("PKT_ZDOBYTE" NOT NULL ENABLE);
  ALTER TABLE "PIOTR1"."ZAWODNIK" MODIFY ("WZROST" NOT NULL ENABLE);
  ALTER TABLE "PIOTR1"."ZAWODNIK" MODIFY ("WIEK" NOT NULL ENABLE);
  ALTER TABLE "PIOTR1"."ZAWODNIK" MODIFY ("NAZWISKO" NOT NULL ENABLE);
  ALTER TABLE "PIOTR1"."ZAWODNIK" MODIFY ("IMIE" NOT NULL ENABLE);
  ALTER TABLE "PIOTR1"."ZAWODNIK" MODIFY ("KLUB_ID" NOT NULL ENABLE);
  ALTER TABLE "PIOTR1"."ZAWODNIK" MODIFY ("ZAWODNIK_ID" NOT NULL ENABLE);
--------------------------------------------------------
--  Constraints for Table ZAWODNIK_KADRA
--------------------------------------------------------

  ALTER TABLE "PIOTR1"."ZAWODNIK_KADRA" MODIFY ("ZAWODNIK_ID" NOT NULL ENABLE);
  ALTER TABLE "PIOTR1"."ZAWODNIK_KADRA" MODIFY ("KADRA_ID" NOT NULL ENABLE);
--------------------------------------------------------
--  Ref Constraints for Table KADRA
--------------------------------------------------------

  ALTER TABLE "PIOTR1"."KADRA" ADD CONSTRAINT "KADRA_KLUB_FK" FOREIGN KEY ("KLUB_ID")
	  REFERENCES "PIOTR1"."KLUB" ("KLUB_ID") ENABLE;
  ALTER TABLE "PIOTR1"."KADRA" ADD CONSTRAINT "KADRA_MECZ_FK" FOREIGN KEY ("MECZ_ID")
	  REFERENCES "PIOTR1"."MECZ" ("MECZ_ID") ENABLE;
--------------------------------------------------------
--  Ref Constraints for Table KARTKI
--------------------------------------------------------

  ALTER TABLE "PIOTR1"."KARTKI" ADD CONSTRAINT "KARTKI_ZAWODNIK_FK1" FOREIGN KEY ("ZAWODNIK_ID")
	  REFERENCES "PIOTR1"."ZAWODNIK" ("ZAWODNIK_ID") ENABLE;
--------------------------------------------------------
--  Ref Constraints for Table KLUB
--------------------------------------------------------

  ALTER TABLE "PIOTR1"."KLUB" ADD CONSTRAINT "KLUB_HALA_FK1" FOREIGN KEY ("HALA_ID")
	  REFERENCES "PIOTR1"."HALA" ("HALA_ID") ENABLE;
  ALTER TABLE "PIOTR1"."KLUB" ADD CONSTRAINT "KLUB_LIGA_FK1" FOREIGN KEY ("LIGA_ID")
	  REFERENCES "PIOTR1"."LIGA" ("LIGA_ID") ENABLE;
  ALTER TABLE "PIOTR1"."KLUB" ADD CONSTRAINT "KLUB_TRENER_FK1" FOREIGN KEY ("TRENER_ID")
	  REFERENCES "PIOTR1"."TRENER" ("TRENER_ID") ENABLE;
--------------------------------------------------------
--  Ref Constraints for Table MECZ
--------------------------------------------------------

  ALTER TABLE "PIOTR1"."MECZ" ADD CONSTRAINT "GOSC_KADRA" FOREIGN KEY ("GOSC_KADRA")
	  REFERENCES "PIOTR1"."KADRA" ("KADRA_ID") ENABLE;
  ALTER TABLE "PIOTR1"."MECZ" ADD CONSTRAINT "GOSPODARZ_KADRA" FOREIGN KEY ("GOSPODARZ_KADRA")
	  REFERENCES "PIOTR1"."KADRA" ("KADRA_ID") ENABLE;
--------------------------------------------------------
--  Ref Constraints for Table ZAWIESZENIA
--------------------------------------------------------

  ALTER TABLE "PIOTR1"."ZAWIESZENIA" ADD CONSTRAINT "ZAWIESZENIA_ZAWODNIK_FK1" FOREIGN KEY ("ZAWODNIK_ID")
	  REFERENCES "PIOTR1"."ZAWODNIK" ("ZAWODNIK_ID") ENABLE;
--------------------------------------------------------
--  Ref Constraints for Table ZAWODNIK
--------------------------------------------------------

  ALTER TABLE "PIOTR1"."ZAWODNIK" ADD CONSTRAINT "ZAWODNIK_KLUB_FK1" FOREIGN KEY ("KLUB_ID")
	  REFERENCES "PIOTR1"."KLUB" ("KLUB_ID") ENABLE;
--------------------------------------------------------
--  Ref Constraints for Table ZAWODNIK_KADRA
--------------------------------------------------------

  ALTER TABLE "PIOTR1"."ZAWODNIK_KADRA" ADD CONSTRAINT "ZAWODNIK_KADRA_KADRA_FK1" FOREIGN KEY ("KADRA_ID")
	  REFERENCES "PIOTR1"."KADRA" ("KADRA_ID") ENABLE;
  ALTER TABLE "PIOTR1"."ZAWODNIK_KADRA" ADD CONSTRAINT "ZAWODNIK_KADRA_ZAWODNIK_FK1" FOREIGN KEY ("ZAWODNIK_ID")
	  REFERENCES "PIOTR1"."ZAWODNIK" ("ZAWODNIK_ID") ENABLE;
--------------------------------------------------------
--  DDL for Trigger CZERWONA_KARTKA_ON_INSERT
--------------------------------------------------------

  CREATE OR REPLACE EDITIONABLE TRIGGER "PIOTR1"."CZERWONA_KARTKA_ON_INSERT" 
BEFORE INSERT ON KARTKI 
FOR EACH ROW 
BEGIN
  SELECT PIOTR1.KARTKI_SEQ.nextval
  INTO: new.KARTKA_ID
  FROM dual;
END;
/
ALTER TRIGGER "PIOTR1"."CZERWONA_KARTKA_ON_INSERT" ENABLE;
--------------------------------------------------------
--  DDL for Trigger HALA_ON_INSERT
--------------------------------------------------------

  CREATE OR REPLACE EDITIONABLE TRIGGER "PIOTR1"."HALA_ON_INSERT" 
BEFORE INSERT ON HALA 
FOR EACH ROW 
BEGIN
  SELECT PIOTR1.HALA_SEQ.nextval
  INTO: new.HALA_ID
  FROM dual;
END;
/
ALTER TRIGGER "PIOTR1"."HALA_ON_INSERT" ENABLE;
--------------------------------------------------------
--  DDL for Trigger ILOSC_MECZY_ON_UPDATE
--------------------------------------------------------

  CREATE OR REPLACE EDITIONABLE TRIGGER "PIOTR1"."ILOSC_MECZY_ON_UPDATE" 
BEFORE UPDATE ON LIGA 
for each row
BEGIN
  :new.ILOSC_MECZY := :new.ILOSC_ZESPOLOW*2-2;
END;
/
ALTER TRIGGER "PIOTR1"."ILOSC_MECZY_ON_UPDATE" ENABLE;
--------------------------------------------------------
--  DDL for Trigger ILOSC_MECZY_TRIGGER
--------------------------------------------------------

  CREATE OR REPLACE EDITIONABLE TRIGGER "PIOTR1"."ILOSC_MECZY_TRIGGER" 
BEFORE INSERT
ON LIGA 
for each row
BEGIN
:new.ILOSC_MECZY := :new.ILOSC_ZESPOLOW*2-2;
END;
/
ALTER TRIGGER "PIOTR1"."ILOSC_MECZY_TRIGGER" ENABLE;
--------------------------------------------------------
--  DDL for Trigger KADRA_ON_INSERT
--------------------------------------------------------

  CREATE OR REPLACE EDITIONABLE TRIGGER "PIOTR1"."KADRA_ON_INSERT" 
BEFORE INSERT ON KADRA
FOR EACH ROW 
BEGIN
  SELECT PIOTR1.KADRA_SEQ.nextval
  INTO: new.KADRA_ID
  FROM dual;
END;
/
ALTER TRIGGER "PIOTR1"."KADRA_ON_INSERT" ENABLE;
--------------------------------------------------------
--  DDL for Trigger KARTKI_ON_INSERT
--------------------------------------------------------

  CREATE OR REPLACE EDITIONABLE TRIGGER "PIOTR1"."KARTKI_ON_INSERT" 
BEFORE INSERT ON KARTKI 
FOR EACH ROW 
BEGIN
  SELECT PIOTR1.KARTKI_SEQ.nextval
  INTO: new.KARTKA_ID
  FROM dual;
END;
/
ALTER TRIGGER "PIOTR1"."KARTKI_ON_INSERT" ENABLE;
--------------------------------------------------------
--  DDL for Trigger KLUB_ON_INSERT
--------------------------------------------------------

  CREATE OR REPLACE EDITIONABLE TRIGGER "PIOTR1"."KLUB_ON_INSERT" 
BEFORE INSERT ON KLUB
FOR EACH ROW 
BEGIN
  SELECT PIOTR1.KLUB_SEQ.nextval
  INTO: new.KLUB_ID
  FROM dual;
END;
/
ALTER TRIGGER "PIOTR1"."KLUB_ON_INSERT" ENABLE;
--------------------------------------------------------
--  DDL for Trigger LIGA_ON_INSERT
--------------------------------------------------------

  CREATE OR REPLACE EDITIONABLE TRIGGER "PIOTR1"."LIGA_ON_INSERT" 
BEFORE INSERT ON LIGA
FOR EACH ROW 
BEGIN
  SELECT PIOTR1.LIGA_SEQ.nextval
  INTO: new.LIGA_ID
  FROM dual;
END;
/
ALTER TRIGGER "PIOTR1"."LIGA_ON_INSERT" ENABLE;
--------------------------------------------------------
--  DDL for Trigger MECZ_ON_INSERT
--------------------------------------------------------

  CREATE OR REPLACE EDITIONABLE TRIGGER "PIOTR1"."MECZ_ON_INSERT" 
BEFORE INSERT ON MECZ
FOR EACH ROW 
BEGIN
  SELECT PIOTR1.MECZ_SEQ.nextval
  INTO: new.MECZ_ID
  FROM dual;
END;
/
ALTER TRIGGER "PIOTR1"."MECZ_ON_INSERT" ENABLE;
--------------------------------------------------------
--  DDL for Trigger TRENER_ON_INSERT
--------------------------------------------------------

  CREATE OR REPLACE EDITIONABLE TRIGGER "PIOTR1"."TRENER_ON_INSERT" 
BEFORE INSERT ON TRENER
FOR EACH ROW 
BEGIN
  SELECT PIOTR1.TRENER_SEQ.nextval
  INTO: new.TRENER_ID
  FROM dual;
END;
/
ALTER TRIGGER "PIOTR1"."TRENER_ON_INSERT" ENABLE;
--------------------------------------------------------
--  DDL for Trigger ZAWIESZENIA_ON_INSERT
--------------------------------------------------------

  CREATE OR REPLACE EDITIONABLE TRIGGER "PIOTR1"."ZAWIESZENIA_ON_INSERT" 
BEFORE INSERT ON ZAWIESZENIA
FOR EACH ROW 
BEGIN
  SELECT PIOTR1.ZAWIESZENIA_SEQ.nextval
  INTO: new.ZAWIESZENIE_ID
  FROM dual;
END;
/
ALTER TRIGGER "PIOTR1"."ZAWIESZENIA_ON_INSERT" ENABLE;
--------------------------------------------------------
--  DDL for Trigger ZAWODNIK_ON_INSERT
--------------------------------------------------------

  CREATE OR REPLACE EDITIONABLE TRIGGER "PIOTR1"."ZAWODNIK_ON_INSERT" 
BEFORE INSERT ON ZAWODNIK
FOR EACH ROW 
BEGIN
  SELECT PIOTR1.ZAWODNIK_SEQ.nextval
  INTO: new.ZAWODNIK_ID
  FROM dual;
END;
/
ALTER TRIGGER "PIOTR1"."ZAWODNIK_ON_INSERT" ENABLE;
--------------------------------------------------------
--  DDL for Function AVERAGEOFAGE
--------------------------------------------------------

  CREATE OR REPLACE EDITIONABLE FUNCTION "PIOTR1"."AVERAGEOFAGE" (KLUBID in INTEGER)
RETURN integer is
wynik INTEGER;
BEGIN
  SELECT avg(z.WIEK) into wynik from klub k, zawodnik z
  where k.KLUB_ID=z.KLUB_ID and z.klub_id=KLUBID;
  return wynik;
END;

/
--------------------------------------------------------
--  DDL for Function AVERAGEOFFREQUENCY
--------------------------------------------------------

  CREATE OR REPLACE EDITIONABLE FUNCTION "PIOTR1"."AVERAGEOFFREQUENCY" 
RETURN integer is
wynik INTEGER;
BEGIN
  SELECT avg(FREKWENCJA) into wynik from mecz;
  return wynik;
END;

/
--------------------------------------------------------
--  DDL for Function AVERAGEOFHEIGHT
--------------------------------------------------------

  CREATE OR REPLACE EDITIONABLE FUNCTION "PIOTR1"."AVERAGEOFHEIGHT" (KLUBID in INTEGER)
RETURN integer is
wynik INTEGER;
BEGIN
  SELECT avg(z.WZROST) into wynik from klub k, zawodnik z
  where k.KLUB_ID=z.KLUB_ID and z.klub_id=KLUBID;
  return wynik;
END;

/
--------------------------------------------------------
--  DDL for Function COUNTNUMBEROFMATCHESINLEAGUE
--------------------------------------------------------

  CREATE OR REPLACE EDITIONABLE FUNCTION "PIOTR1"."COUNTNUMBEROFMATCHESINLEAGUE" (leagueId in INTEGER,
                                                        nazwaligi in varchar2,
                                                        poziomligi in varchar2,
                                                        ilosczespolow in INTEGER,
                                                        rokk in INTEGER)
RETURN integer 
IS
  ilosczesp INTEGER;
 
  
BEGIN
  SELECT ILOSC_ZESPOLOW into ilosczesp from LIGA where LIGA_ID=leagueId;
  
  if ilosczesp <=1  then 
    insert into liga (liga_id, nazwa_ligi, poziom_ligi, ilosc_zespolow, ilosc_meczy, rok) values (leagueId, nazwaligi, poziomligi, ilosczespolow, 0, rokk);
  elsif ilosczespolow >1 then
    ilosczesp:= (ilosczesp*2)-2;
    insert into liga (liga_id, nazwa_ligi, poziom_ligi, ilosc_zespolow, ilosc_meczy, rok) values (leagueId, nazwaligi, poziomligi, ilosczespolow, ilosczesp, rokk);
  end if;
END;

/
--------------------------------------------------------
--  DDL for Function PLAYER_COMBOBOX
--------------------------------------------------------

  CREATE OR REPLACE EDITIONABLE FUNCTION "PIOTR1"."PLAYER_COMBOBOX" return SYS_REFCURSOR as
  KURSOR SYS_REFCURSOR;
begin
  OPEN KURSOR for select zawodnik_id, imie, nazwisko from zawodnik;
    return KURSOR;
  end PLAYER_COMBOBOX;

/
--------------------------------------------------------
--  DDL for Function SUMOFSCOREDPOINTSBYPLAYERS
--------------------------------------------------------

  CREATE OR REPLACE EDITIONABLE FUNCTION "PIOTR1"."SUMOFSCOREDPOINTSBYPLAYERS" (KLUBID in INTEGER)
RETURN integer is
wynik INTEGER;
BEGIN
  SELECT sum(z.PKT_ZDOBYTE) into wynik from klub k, zawodnik z
  where k.KLUB_ID=z.KLUB_ID and z.klub_id=KLUBID;
  return wynik;
END;

/
--------------------------------------------------------
--  DDL for Procedure ADDSUSPENSION
--------------------------------------------------------
set define off;

  CREATE OR REPLACE EDITIONABLE PROCEDURE "PIOTR1"."ADDSUSPENSION" (playerId in INTEGER,
                         cardColor in varchar2)
IS    
x INTEGER;
BEGIN
  if(cardColor='Czerwona') then insert into zawieszenia(data_rozpoczecia, data_zakonczenia, zawodnik_id) values (sysdate, sysdate + 14, playerId);
  else insert into kartki(kartka_id, kolor_kartki, zawodnik_id) values (null, cardColor, playerId);
  end if;
END;

/
--------------------------------------------------------
--  DDL for Procedure CORRECTFREQUENCY
--------------------------------------------------------
set define off;

  CREATE OR REPLACE EDITIONABLE PROCEDURE "PIOTR1"."CORRECTFREQUENCY" (frekwencjaa in INTEGER,
                          gospodarz in INTEGER,
                          gosc in INTEGER,
                          fixture in INTEGER)
IS
x INTEGER;
y INTEGER;
BEGIN
select g.pojemnosc into x
from hala g, klub k, kadra f
where g.hala_id=k.hala_id and k.klub_id=f.klub_id and f.kadra_id=gospodarz;
  
  if(frekwencjaa > x) then 
  insert into mecz(mecz_id, GOSC_KADRA,GOSPODARZ_KADRA, FREKWENCJA, KOLEJKA)values(null,gosc,gospodarz, x, fixture);
  select mecz_id into y from mecz where gospodarz_kadra=gospodarz and gosc_kadra=gosc;
  update kadra set mecz_id=y where kadra_id=gospodarz;
  update kadra set mecz_id=y where kadra_id=gosc;
  
  elsif(frekwencjaa < 0) then 
  insert into mecz(mecz_id,GOSC_KADRA,GOSPODARZ_KADRA, FREKWENCJA, KOLEJKA)values(null,gosc,gospodarz,  0, fixture);
  select mecz_id into y from mecz where gospodarz_kadra=gospodarz and gosc_kadra=gosc;
  update kadra set mecz_id=y where kadra_id=gospodarz;
  update kadra set mecz_id=y where kadra_id=gosc;
  
  else insert into mecz(mecz_id,GOSC_KADRA, GOSPODARZ_KADRA, FREKWENCJA, KOLEJKA)values(null,gosc,gospodarz, frekwencjaa, fixture);
  select mecz_id into y from mecz where gospodarz_kadra=gospodarz and gosc_kadra=gosc;
  update kadra set mecz_id=y where kadra_id=gospodarz;
  update kadra set mecz_id=y where kadra_id=gosc;
  end if;
END;

/
--------------------------------------------------------
--  DDL for Synonymn DUAL
--------------------------------------------------------

  CREATE OR REPLACE NONEDITIONABLE PUBLIC SYNONYM "DUAL" FOR "SYS"."DUAL";
